SNP,bx,sx,by,sy,eaf_bbj,imp,w,theta
rs4410790,0.039072,0.00167288,0.0083650616371571,0.0236050118456227,0.377904813124446,0.999001477937098,2.739825094412987,0.21409351036949986
rs1421085,0.0185426,0.00164436,0.0483141700857592,0.0284657111306158,0.203968645132297,0.999883461819408,0.4243235970773703,2.6055768924400677
rs1057868,0.0199509,0.00178517,0.0206038524696882,0.0232498932413852,0.417094198440853,0.999714459863764,0.7363479084019954,1.0327279706523615
rs476828,0.0173461,0.00189543,-0.0074136752664953,0.0262920942184444,0.253020177574443,0.999974531782184,0.43526458416183683,-0.42739724009980923
rs780093,0.0132935,0.00165695,-0.0185173248609691,0.0231183437258869,0.437386861062911,0.998434780206658,0.33064750248178487,-1.3929608350674465
rs34060476,0.0184292,0.00237033,0.0198330327065318,0.0380874653109748,0.103129101850501,0.984324938294508,0.23412555666621185,1.0761743703759143
rs13387939,0.0165558,0.0021386,0.0035300360119603,0.038825318572014,0.902458415140119,0.994740877582158,0.18183198793762304,0.2132205035069462
rs13163336,0.0149472,0.00221005,-0.0113578771163127,0.0231190435527487,0.441480871639784,0.994584852285769,0.41800354501587283,-0.7598665379678267
rs61928609,-0.0147305,0.00217536,-0.0184693629001252,0.0935904350193438,0.984107897777435,0.947974885445305,0.024772625941125323,1.2538177862343571
rs630194,-0.0113533,0.00169853,-0.645861956776113,0.538717432060422,0.999504149583937,0.889658442010186,0.0004441423333996419,56.887597154669834
rs12514566,-0.0113972,0.00170562,0.0163388207761764,0.0231249890868857,0.428805270996865,0.998966863184141,0.242903216602385,-1.4335820005068265
rs7224815,-0.0108602,0.00164162,0.0689201655475735,0.0448498469149844,0.930651261819776,0.999470503337508,0.058634566201679186,-6.346123049996639
rs4615895,0.0122025,0.00184972,-0.0129044667410257,0.0355537612664465,0.881928908829485,0.994080588219887,0.11779491111658398,-1.057526469250211
rs73075167,-0.0160639,0.00244429,0.0077569509276359,0.0385010497416508,0.104553086310573,0.948474648967683,0.17408319234615216,-0.48288092727394344
rs6062682,0.0103704,0.00163929,0.0038558244715198,0.0570065919513559,0.0436030961949372,0.992588409078793,0.03309335969307319,0.37181058315202886
rs6063085,0.0104106,0.00166919,0.0399279251048891,0.0280849764520661,0.209998575671695,0.991900656829892,0.1374052707427728,3.8353144972325417
rs2465037,-0.0106317,0.00170743,0.0242926898774548,0.0231743212783087,0.430372965267293,0.995329403397059,0.21047057121862986,-2.2849299620432104
rs9398171,0.0108577,0.00177995,-0.0235970725126656,0.0266460299038336,0.756147855096704,0.999118449758703,0.1660392082572917,-2.1733030487732763
rs8056750,0.0105333,0.00173692,-0.0318712763684221,0.0590046548635467,0.0497147168711778,0.796385151494305,0.031868113724914014,-3.0257636608111516
rs2189234,0.00998689,0.00166052,-0.0110237523916976,0.0235838684115169,0.618772106249977,0.999970591211349,0.1793207087829787,-1.1038223502709652
rs442355,-0.0111372,0.00185374,0.0140734892410269,0.0443834552920712,0.0729789088908677,0.998416299690426,0.06296653840881647,-1.2636469885632744
rs516636,0.0116767,0.00198419,0.0573817489272727,0.0275321310641262,0.224238211534844,0.999009485043716,0.1798707676510797,4.914209402251723
rs13054099,-0.0107777,0.00183597,-0.0398447515147772,0.0409384874048253,0.086269414146771,0.999728814530208,0.06930883466684386,3.6969623866666543
rs1338549,-0.00945121,0.0016218,-0.0222601501043104,0.0240346417587361,0.638195547991905,0.980074078904767,0.15463205214930117,2.355269865372836
rs57918684,0.0128864,0.00223845,0.0264528569570945,0.0234806399578741,0.418523671476326,0.976719991192975,0.30119194792841897,2.0527732304673534
rs10119174,-0.00939786,0.00164159,0.0007844903660072,0.0240482238673134,0.584532102026174,0.936574767619481,0.15271859846805036,-0.08347542589559752
rs1527961,-0.0133431,0.00236585,0.0311019361262452,0.0546806675101972,0.0453139600132041,0.99681674125666,0.05954507774480855,-2.330937797531698
rs6469262,-0.00915347,0.00162895,-0.0409478703229467,0.0230972312692625,0.461783480002292,0.990321025623071,0.15705496819726986,4.473480584187931
rs2597805,0.00985502,0.00175623,-0.0128986402591385,0.0294850415518803,0.199591917673663,0.951423194539565,0.11171501075777407,-1.308839582176241
rs75347775,0.0104504,0.00187898,0.0103002163815626,0.0267235690139907,0.247955327663161,0.981226577994842,0.15292444380833217,0.9856289119615134
rs12989746,0.01035,0.00186429,-0.0011757545208721,0.0229092319677332,0.480476965787881,0.998549009085589,0.2041078181099248,-0.11359947061566184
rs1942965,-0.00890339,0.00161917,-0.0006446374209631,0.0239256262657717,0.352647961307387,0.999538853471311,0.13847907881853827,0.07240359244771935
rs7811609,0.00913864,0.00166468,-0.0032234984046214,0.0239517549262785,0.361511015828499,0.98485081881852,0.14557555690381943,-0.3527328360260827
rs2107308,-0.0103045,0.00187816,-0.0478576819761097,0.0281618718855977,0.211340035043368,0.992284019811513,0.133884656978495,4.644347806891135
