window,outcome,nsnps,PP.H0,PP.H1,PP.H2,PP.H3,PP.H4,top_snp,top_SNP.PP.H4
FTO_rs1421085,FinnGenR11,436,5.90053325377472e-30,7.19602761705432e-07,5.76844005587722e-25,0.069418745812928,0.930580534584317,rs9940128,0.0600032458210423
FTO_rs1421085,Nielsen2018,436,1.77617889453409e-25,0.0216614868998826,6.41402042622401e-25,0.0773215200868877,0.901016993013229,rs17817964,0.0701873533908216
TMEM18_rs13387939,FinnGenR11,539,5.01015955391044e-12,0.00888788630191131,1.00547556670537e-10,0.177555064150501,0.813557049442031,rs6739303,0.0207824357423647
TMEM18_rs13387939,Nielsen2018,539,2.31271098257945e-11,0.0410268616022506,1.42127491889174e-10,0.251422741002544,0.707550397229952,rs13387939,0.0171997586926724
CYP1A1_rs2472297,FinnGenR11,252,5.65967430093032e-29,0.506973002629637,5.46892301629378e-29,0.489883053618019,0.00314394375234587,rs35556055,0.714376551818442
CYP1A1_rs2472297,Nielsen2018,252,1.06312548613281e-28,0.952309075079197,1.12172179058889e-30,0.0100102944658589,0.0376806304549406,rs35556055,0.959734016006765
HYDIN_rs8056750,FinnGenR11,245,0.000339114641264523,0.0509381821474117,0.00617967292932293,0.92823020091824,0.0143128293637604,rs8056750,0.618080493808951
HYDIN_rs8056750,Nielsen2018,245,0.00640471916465146,0.962048557371341,9.01959240413173e-05,0.0135303428922599,0.0179261846477055,rs8056750,0.981403774211368
PCMTD2_rs6062682,FinnGenR11,302,4.75366362430379e-05,0.302320972990047,1.49547629970644e-05,0.0945053958440485,0.603111139766665,rs6062357,0.13295458638639
PCMTD2_rs6062682,Nielsen2018,301,0.000155186367279839,0.986946008185457,1.2715828936534e-06,0.00808212987971476,0.00481540398465411,rs6062682,0.102082339759983
rs1527961,FinnGenR11,368,0.0548573772143271,0.777480416518917,0.0105331348878684,0.149275734682365,0.00785333669652221,rs4630756,0.792088635166739
rs1527961,Nielsen2018,368,0.0638209609475538,0.904519133429925,0.000731671295719757,0.0103492223280946,0.0205790119987068,rs4630756,0.511995119833408
