window,outcome,p12,nsnps,PP.H0,PP.H1,PP.H2,PP.H3,PP.H4,class
FTO_rs1421085,FinnGenR11,5e-06,436,1.1035021232723e-29,1.34578205274339e-06,1.07879840276425e-24,0.129825102418431,0.870173551799519,shared (H4>=0.7)
FTO_rs1421085,FinnGenR11,1e-05,436,5.90053325377472e-30,7.19602761705432e-07,5.76844005587722e-25,0.069418745812928,0.930580534584317,shared (H4>=0.7)
FTO_rs1421085,FinnGenR11,5e-05,436,1.24949825126761e-30,1.52383242952334e-07,1.22152616591893e-25,0.0147001292540729,0.985299718362687,shared (H4>=0.7)
FTO_rs1421085,Nielsen2018,5e-06,436,3.23240465638149e-25,0.0394209678624145,1.16726471391222e-24,0.140714678198511,0.819864353939077,shared (H4>=0.7)
FTO_rs1421085,Nielsen2018,1e-05,436,1.77617889453409e-25,0.0216614868998826,6.41402042622401e-25,0.0773215200868877,0.901016993013229,shared (H4>=0.7)
FTO_rs1421085,Nielsen2018,5e-05,436,3.85784681137559e-26,0.00470485818875169,1.39312027215011e-25,0.0167941743163297,0.978500967494918,shared (H4>=0.7)
TMEM18_rs13387939,FinnGenR11,5e-06,539,8.44568135628301e-12,0.0149824082105784,1.69494128012224e-10,0.29930653482664,0.68571105678484,indeterminate
TMEM18_rs13387939,FinnGenR11,1e-05,539,5.01015955391044e-12,0.00888788630191131,1.00547556670537e-10,0.177555064150501,0.813557049442031,shared (H4>=0.7)
TMEM18_rs13387939,FinnGenR11,5e-05,539,1.17768942355722e-12,0.00208918889366915,2.3634735137924e-11,0.041736140116708,0.956174670964811,shared (H4>=0.7)
TMEM18_rs13387939,Nielsen2018,5e-06,539,3.57880257400013e-11,0.0634869808684525,2.19935062202129e-10,0.389063899224667,0.547449119651159,indeterminate
TMEM18_rs13387939,Nielsen2018,1e-05,539,2.31271098257945e-11,0.0410268616022506,1.42127491889174e-10,0.251422741002544,0.707550397229952,shared (H4>=0.7)
TMEM18_rs13387939,Nielsen2018,5e-05,539,6.03809206614545e-12,0.010711410522343,3.71070526158014e-11,0.0656421692607175,0.923646420173795,shared (H4>=0.7)
CYP1A1_rs2472297,FinnGenR11,5e-06,252,5.66858515737537e-29,0.507771204682926,5.47753354497725e-29,0.490654348454709,0.00157444686236109,no shared (H4<0.05)
CYP1A1_rs2472297,FinnGenR11,1e-05,252,5.65967430093032e-29,0.506973002629637,5.46892301629378e-29,0.489883053618019,0.00314394375234587,no shared (H4<0.05)
CYP1A1_rs2472297,FinnGenR11,5e-05,252,5.58938347194593e-29,0.500676606276637,5.40100123987575e-29,0.483798907408659,0.0155244863146994,no shared (H4<0.05)
CYP1A1_rs2472297,Nielsen2018,5e-06,252,1.08353971594267e-28,0.970595398342306,1.14326119183033e-30,0.0102025130274077,0.0192020886302911,no shared (H4<0.05)
CYP1A1_rs2472297,Nielsen2018,1e-05,252,1.06312548613281e-28,0.952309075079197,1.12172179058889e-30,0.0100102944658589,0.0376806304549406,no shared (H4<0.05)
CYP1A1_rs2472297,Nielsen2018,5e-05,252,9.2387649148604e-29,0.827574899266944,9.74797806872666e-31,0.00869913839005121,0.163725962342999,indeterminate
HYDIN_rs8056750,FinnGenR11,5e-06,245,0.000341558978956254,0.0513053444678201,0.00622421600008916,0.934920882447787,0.00720799810534829,distinct (H3>=0.7)
HYDIN_rs8056750,FinnGenR11,1e-05,245,0.000339114641264523,0.0509381821474117,0.00617967292932293,0.92823020091824,0.0143128293637604,distinct (H3>=0.7)
HYDIN_rs8056750,FinnGenR11,5e-05,245,0.000320751211812932,0.04817982376227,0.00584503686805357,0.87796551831463,0.0676888698432342,distinct (H3>=0.7)
HYDIN_rs8056750,Nielsen2018,5e-06,245,0.00646264444345438,0.97074947453493,9.10116700424559e-05,0.0136527134231426,0.00904415592843062,no shared (H4<0.05)
HYDIN_rs8056750,Nielsen2018,1e-05,245,0.00640471916465146,0.962048557371341,9.01959240413173e-05,0.0135303428922599,0.0179261846477055,no shared (H4<0.05)
HYDIN_rs8056750,Nielsen2018,5e-05,245,0.00597619748614062,0.897680604301828,8.41611693906621e-05,0.0126250658460751,0.0836339711965657,indeterminate
PCMTD2_rs6062682,FinnGenR11,5e-06,302,6.80607278020635e-05,0.432848999797374,2.14115287519243e-05,0.135308396443597,0.431753131502474,indeterminate
PCMTD2_rs6062682,FinnGenR11,1e-05,302,4.75366362430379e-05,0.302320972990047,1.49547629970644e-05,0.0945053958440485,0.603111139766665,indeterminate
PCMTD2_rs6062682,FinnGenR11,5e-05,302,1.39303761336535e-05,0.0885936658477857,4.38241932966514e-06,0.0276943388260926,0.883693682530657,shared (H4>=0.7)
PCMTD2_rs6062682,Nielsen2018,5e-06,301,0.000155560911596618,0.989328015218765,1.2746518755136e-06,0.00810163620534749,0.00241351301241556,no shared (H4<0.05)
PCMTD2_rs6062682,Nielsen2018,1e-05,301,0.000155186367279839,0.986946008185457,1.2715828936534e-06,0.00808212987971476,0.00481540398465411,no shared (H4<0.05)
PCMTD2_rs6062682,Nielsen2018,5e-05,301,0.000152253714702021,0.968295080234725,1.24755300677386e-06,0.00792939688234223,0.0236220216152245,no shared (H4<0.05)
rs1527961,FinnGenR11,5e-06,368,0.0550736331062693,0.780545359275567,0.010574658062978,0.149864201699717,0.00394214785546934,no shared (H4<0.05)
rs1527961,FinnGenR11,1e-05,368,0.0548573772143271,0.777480416518917,0.0105331348878684,0.149275734682365,0.00785333669652221,no shared (H4<0.05)
rs1527961,FinnGenR11,5e-05,368,0.0531866078573291,0.753801004167307,0.0102123313807117,0.144729302900251,0.0380707536944011,no shared (H4<0.05)
rs1527961,Nielsen2018,5e-06,368,0.0644844743330691,0.913922949097612,0.000739278102187405,0.0104568178177646,0.0103964806493672,no shared (H4<0.05)
rs1527961,Nielsen2018,1e-05,368,0.0638209609475538,0.904519133429925,0.000731671295719757,0.0103492223280946,0.0205790119987068,no shared (H4<0.05)
rs1527961,Nielsen2018,5e-05,368,0.0589670282222951,0.835725512068031,0.000676023696659863,0.00956210743365419,0.0950693285793595,indeterminate
